{"cameraMode":{"drawMode":0,"name":"Shaded","section":"Shading Mode"},"sceneLighting":true,"audioPlay":false,"sceneViewState":{"m_AlwaysRefresh":false,"showFog":true,"showSkybox":true,"showFlares":true,"showImageEffects":true,"showParticleSystems":true,"showVisualEffectGraphs":true,"m_FxEnabled":true},"in2DMode":false,"pivot":{"x":-0.08914494514465332,"y":1.2232019901275635,"z":-5.960464477539063e-7},"rotation":{"x":0.24914969503879548,"y":-0.15120404958724976,"z":0.0394153892993927,"w":0.9557868838310242},"size":14.684076309204102,"orthographic":false}