{"cameraMode":{"drawMode":0,"name":"Shaded","section":"Shading Mode"},"sceneLighting":false,"audioPlay":false,"sceneViewState":{"m_AlwaysRefresh":false,"showFog":true,"showSkybox":false,"showFlares":true,"showImageEffects":true,"showParticleSystems":true,"showVisualEffectGraphs":true,"m_FxEnabled":true},"in2DMode":false,"pivot":{"x":-0.29196852445602419,"y":3.9995293617248537,"z":-0.4014761447906494},"rotation":{"x":0.05422503501176834,"y":-0.5933506488800049,"z":0.04011213779449463,"w":0.8021140694618225},"size":0.9000602960586548,"orthographic":false}