{"cameraMode":{"drawMode":0,"name":"Shaded","section":"Shading Mode"},"sceneLighting":false,"audioPlay":false,"sceneViewState":{"m_AlwaysRefresh":false,"showFog":true,"showSkybox":false,"showFlares":true,"showImageEffects":true,"showParticleSystems":true,"showVisualEffectGraphs":true,"m_FxEnabled":true},"in2DMode":false,"pivot":{"x":3.154858350753784,"y":-1.6599998474121094,"z":-12.210000038146973},"rotation":{"x":0.12765656411647798,"y":-0.12255474925041199,"z":0.01589787006378174,"w":0.9840903282165527},"size":0.8660253882408142,"orthographic":false}