{"cameraMode":{"drawMode":0,"name":"Shaded","section":"Shading Mode"},"sceneLighting":false,"audioPlay":false,"sceneViewState":{"m_AlwaysRefresh":false,"showFog":true,"showSkybox":false,"showFlares":true,"showImageEffects":true,"showParticleSystems":true,"showVisualEffectGraphs":true,"m_FxEnabled":true},"in2DMode":false,"pivot":{"x":1.2002651691436768,"y":10.201662063598633,"z":-19.54823112487793},"rotation":{"x":0.28132885694503786,"y":-0.5802556276321411,"z":0.22326378524303437,"w":0.7311601638793945},"size":2.5325887203216554,"orthographic":false}