{"cameraMode":{"drawMode":0,"name":"Shaded","section":"Shading Mode"},"sceneLighting":false,"audioPlay":false,"sceneViewState":{"m_AlwaysRefresh":false,"showFog":true,"showSkybox":false,"showFlares":true,"showImageEffects":true,"showParticleSystems":true,"showVisualEffectGraphs":true,"m_FxEnabled":true},"in2DMode":false,"pivot":{"x":-0.044589605182409289,"y":0.5110687017440796,"z":-2.1109795570373537},"rotation":{"x":0.07423126697540283,"y":-0.02388756349682808,"z":0.001908792881295085,"w":0.9971891641616821},"size":0.5126002430915833,"orthographic":false}