{"cameraMode":{"drawMode":0,"name":"Shaded","section":"Shading Mode"},"sceneLighting":false,"audioPlay":false,"sceneViewState":{"m_AlwaysRefresh":false,"showFog":true,"showSkybox":false,"showFlares":true,"showImageEffects":true,"showParticleSystems":true,"showVisualEffectGraphs":true,"m_FxEnabled":true},"in2DMode":false,"pivot":{"x":0.9560422897338867,"y":0.5497674942016602,"z":-2.064375638961792},"rotation":{"x":0.18199659883975984,"y":-0.2679441571235657,"z":0.05171908810734749,"w":0.9449127912521362},"size":0.0015313950134441257,"orthographic":false}